{
"lengthUnit": "mil",
"components": {
	"fields": ["COMPONENT_NO", "COMPONENT_NAME", "LAYER", "X_COORDINATE", "Y_COORDINATE", "ANGLE"],
	"rows": [
		[1, "C1", "T", 413.74, 48.85, 0],
		[2, "CN1", "T", 503.39, 196.85, 90],
		[3, "LED1", "T", 78.74, 314.96, 45],
		[4, "MOTOR1", "T", 196.85, 196.85, 180],
		[5, "R1", "T", 415, 345, 0],
		[6, "R2", "T", 284.96, 47.24, 0],
		[7, "R3", "T", 290, 345, 0],
		[8, "U1", "T", 443.54, 196.85, 270]
	]
},
"pins": {
	"fields": ["PIN_NO", "PIN_NAME", "PIN_X", "PIN_Y", "LAYER", "PIN_TYPE", "NET_NAME", "NET_TYPE", "PAD_SHAPE", "PAD_SIZEX", "PAD_SIZEY", "HOLE_SIZE", "PAD_ANGLE"],
	"rows": [
		[1, "C1_1", 386.18, 48.85, "T", "SMD", "GND", "GND", "R", 31.5, 35.43, 0, 0],
		[2, "C1_2", 441.3, 48.85, "T", "SMD", "VCC", "", "R", 31.5, 35.43, 0, 0],
		[3, "CN1_1", 503.39, 73.82, "T", "DIP", "M2", "", "R", 39.37, 39.37, 23.62, 90],
		[4, "CN1_1", 503.39, 73.82, "B", "DIP", "M2", "", "R", 39.37, 39.37, 23.62, 90],
		[5, "CN1_2", 503.39, 123.03, "T", "DIP", "VCC", "", "C", 39.37, 39.37, 23.62, 90],
		[6, "CN1_2", 503.39, 123.03, "B", "DIP", "VCC", "", "C", 39.37, 39.37, 23.62, 90],
		[7, "CN1_3", 503.39, 172.25, "T", "DIP", "C2", "", "C", 39.37, 39.37, 23.62, 90],
		[8, "CN1_3", 503.39, 172.25, "B", "DIP", "C2", "", "C", 39.37, 39.37, 23.62, 90],
		[9, "CN1_4", 503.39, 221.46, "T", "DIP", "C1", "", "C", 39.37, 39.37, 23.62, 90],
		[10, "CN1_4", 503.39, 221.46, "B", "DIP", "C1", "", "C", 39.37, 39.37, 23.62, 90],
		[11, "CN1_5", 503.39, 270.67, "T", "DIP", "GND", "GND", "C", 39.37, 39.37, 23.62, 90],
		[12, "CN1_5", 503.39, 270.67, "B", "DIP", "GND", "GND", "C", 39.37, 39.37, 23.62, 90],
		[13, "CN1_6", 503.39, 319.88, "T", "DIP", "M1", "", "C", 39.37, 39.37, 23.62, 90],
		[14, "CN1_6", 503.39, 319.88, "B", "DIP", "M1", "", "C", 39.37, 39.37, 23.62, 90],
		[15, "LED1_1", 55.33, 290.99, "T", "SMD", "GND", "GND", "R", 31.5, 31.5, 0, 135],
		[16, "LED1_2", 99.74, 335.68, "T", "SMD", "$1N393", "", "R", 31.5, 31.5, 0, 135],
		[17, "MOTOR1_1", 337.4, 193.98, "T", "DIP", "M2", "", "P", 47.24, 122.05, 108.27, 180],
		[18, "MOTOR1_1", 337.4, 193.98, "B", "DIP", "M2", "", "P", 47.24, 122.05, 108.27, 180],
		[19, "MOTOR1_2", 53.94, 193.98, "T", "DIP", "M1", "", "P", 47.24, 122.05, 108.27, 180],
		[20, "MOTOR1_2", 53.94, 193.98, "B", "DIP", "M1", "", "P", 47.24, 122.05, 108.27, 180],
		[21, "R1_1", 385.34, 345, "T", "SMD", "C2", "", "R", 31.75, 34.02, 0, 0],
		[22, "R1_2", 444.66, 345, "T", "SMD", "VCC", "", "R", 31.75, 34.02, 0, 0],
		[23, "R2_1", 255.3, 47.24, "T", "SMD", "C1", "", "R", 31.75, 34.02, 0, 0],
		[24, "R2_2", 314.62, 47.24, "T", "SMD", "VCC", "", "R", 31.75, 34.02, 0, 0],
		[25, "R3_1", 260.34, 345, "T", "SMD", "$1N393", "", "R", 31.75, 34.02, 0, 0],
		[26, "R3_2", 319.66, 345, "T", "SMD", "VCC", "", "R", 31.75, 34.02, 0, 0],
		[27, "U1_1", 443.54, 271.85, "T", "DIP", "VCC", "", "C", 39.37, 39.37, 24.61, 270],
		[28, "U1_1", 443.54, 271.85, "B", "DIP", "VCC", "", "C", 39.37, 39.37, 24.61, 270],
		[29, "U1_2", 443.54, 221.85, "T", "DIP", "C2", "", "C", 39.37, 39.37, 24.61, 270],
		[30, "U1_2", 443.54, 221.85, "B", "DIP", "C2", "", "C", 39.37, 39.37, 24.61, 270],
		[31, "U1_3", 443.54, 171.85, "T", "DIP", "C1", "", "C", 39.37, 39.37, 24.61, 270],
		[32, "U1_3", 443.54, 171.85, "B", "DIP", "C1", "", "C", 39.37, 39.37, 24.61, 270],
		[33, "U1_4", 443.54, 121.85, "T", "DIP", "GND", "GND", "C", 39.37, 39.37, 24.61, 270],
		[34, "U1_4", 443.54, 121.85, "B", "DIP", "GND", "GND", "C", 39.37, 39.37, 24.61, 270]
	]
}
}